id,focus,signal,slack,drag,confidence,score,lane,kind,invariant
g001,allocation pressure,90,46,10,28,280,ship,baseline,monotonic-signal
g002,dirty state,111,32,10,76,342,ship,edge,drag-penalty
g003,guard slack,81,27,11,36,230,ship,recovery,confidence-floor
g004,layout drift,69,62,13,89,325,ship,negative,lane-boundary
g005,allocation pressure,111,12,16,77,291,ship,baseline,monotonic-signal
g006,dirty state,47,60,19,75,251,ship,edge,drag-penalty
g007,guard slack,63,16,22,79,193,ship,recovery,confidence-floor
g008,layout drift,74,32,4,85,289,ship,negative,lane-boundary
g009,allocation pressure,83,77,17,93,379,ship,baseline,monotonic-signal
g010,dirty state,47,67,25,58,236,ship,edge,drag-penalty
g011,guard slack,33,30,10,45,151,ship,recovery,confidence-floor
g012,layout drift,73,49,4,43,279,ship,negative,lane-boundary
g013,allocation pressure,53,26,44,47,117,watch,baseline,monotonic-signal
g014,dirty state,90,52,45,53,247,ship,edge,drag-penalty
g015,guard slack,112,67,5,61,409,ship,recovery,confidence-floor
g016,layout drift,39,77,7,26,244,ship,negative,lane-boundary
g017,allocation pressure,50,50,31,56,194,ship,baseline,monotonic-signal
g018,dirty state,59,74,23,33,253,ship,edge,drag-penalty
g019,guard slack,111,53,21,26,312,ship,recovery,confidence-floor
g020,layout drift,52,45,42,27,137,watch,negative,lane-boundary
g021,allocation pressure,70,9,33,75,167,ship,baseline,monotonic-signal
g022,dirty state,39,63,9,35,221,ship,edge,drag-penalty
g023,guard slack,115,23,41,88,282,ship,recovery,confidence-floor
g024,layout drift,68,40,37,76,218,ship,negative,lane-boundary
g025,allocation pressure,48,34,37,74,164,ship,baseline,monotonic-signal
g026,dirty state,42,51,38,78,188,ship,edge,drag-penalty
g027,guard slack,42,27,40,84,142,watch,recovery,confidence-floor
g028,layout drift,90,17,43,92,220,ship,negative,lane-boundary
g029,allocation pressure,117,15,4,57,313,ship,baseline,monotonic-signal
g030,dirty state,46,51,7,44,224,ship,edge,drag-penalty
g031,guard slack,58,37,31,42,170,ship,recovery,confidence-floor
g032,layout drift,43,32,44,46,108,watch,negative,lane-boundary
g033,allocation pressure,64,67,10,52,294,ship,baseline,monotonic-signal
g034,dirty state,34,17,37,60,88,hold,edge,drag-penalty
g035,guard slack,110,65,31,25,313,ship,recovery,confidence-floor
g036,layout drift,64,21,29,55,167,ship,negative,lane-boundary
g037,allocation pressure,88,37,30,32,222,ship,baseline,monotonic-signal
g038,dirty state,104,12,32,25,193,ship,edge,drag-penalty
g039,guard slack,115,72,34,26,332,ship,recovery,confidence-floor
g040,layout drift,36,35,16,74,184,ship,negative,lane-boundary
g041,allocation pressure,88,54,8,34,302,ship,baseline,monotonic-signal
g042,dirty state,74,31,6,87,285,ship,edge,drag-penalty
g043,guard slack,114,57,27,75,363,ship,recovery,confidence-floor
g044,layout drift,94,72,18,73,369,ship,negative,lane-boundary
g045,allocation pressure,43,12,36,77,115,watch,baseline,monotonic-signal
g046,dirty state,65,55,26,83,271,ship,edge,drag-penalty
g047,guard slack,80,9,22,91,225,ship,recovery,confidence-floor
g048,layout drift,91,58,22,56,310,ship,negative,lane-boundary
g049,allocation pressure,100,50,23,43,297,ship,baseline,monotonic-signal
g050,dirty state,64,14,25,41,147,watch,edge,drag-penalty
g051,guard slack,93,68,28,45,311,ship,recovery,confidence-floor
g052,layout drift,111,28,31,51,267,ship,negative,lane-boundary
g053,allocation pressure,80,45,34,59,241,ship,baseline,monotonic-signal
g054,dirty state,68,39,16,24,206,ship,edge,drag-penalty
g055,guard slack,109,56,29,54,326,ship,recovery,confidence-floor
g056,layout drift,89,32,37,31,199,ship,negative,lane-boundary
g057,allocation pressure,83,22,22,24,190,ship,baseline,monotonic-signal
g058,dirty state,83,20,16,25,199,ship,edge,drag-penalty
g059,guard slack,43,56,14,73,243,ship,recovery,confidence-floor
g060,layout drift,70,42,15,33,227,ship,negative,lane-boundary
g061,allocation pressure,87,37,17,86,300,ship,baseline,monotonic-signal
g062,dirty state,99,72,19,74,378,ship,edge,drag-penalty
g063,guard slack,84,22,43,72,198,ship,recovery,confidence-floor
g064,layout drift,105,70,35,76,356,ship,negative,lane-boundary
g065,allocation pressure,75,26,33,82,218,ship,baseline,monotonic-signal
g066,dirty state,63,42,12,90,276,ship,edge,drag-penalty
g067,guard slack,105,17,45,55,209,ship,recovery,confidence-floor
g068,layout drift,41,77,21,42,236,ship,negative,lane-boundary
g069,allocation pressure,57,40,11,40,212,ship,baseline,monotonic-signal
g070,dirty state,68,59,7,44,284,ship,edge,drag-penalty
g071,guard slack,77,36,7,50,262,ship,recovery,confidence-floor
g072,layout drift,41,62,8,58,248,ship,negative,lane-boundary
g073,allocation pressure,115,77,10,23,387,ship,baseline,monotonic-signal
g074,dirty state,67,17,13,53,195,ship,edge,drag-penalty
g075,guard slack,47,60,16,30,212,ship,recovery,confidence-floor
g076,layout drift,84,14,19,23,181,ship,negative,lane-boundary
g077,allocation pressure,106,63,43,24,276,ship,baseline,monotonic-signal
g078,dirty state,33,55,14,72,220,ship,edge,drag-penalty
g079,guard slack,44,19,22,32,114,watch,recovery,confidence-floor
g080,layout drift,53,73,7,85,323,ship,negative,lane-boundary
g081,allocation pressure,105,33,43,73,263,ship,baseline,monotonic-signal
g082,dirty state,46,50,41,71,181,ship,edge,drag-penalty
g083,guard slack,64,44,42,75,207,ship,recovery,confidence-floor
g084,layout drift,33,61,44,81,181,ship,negative,lane-boundary
g085,allocation pressure,109,37,4,89,373,ship,baseline,monotonic-signal
g086,dirty state,62,27,28,54,176,ship,edge,drag-penalty
g087,guard slack,42,25,20,41,135,watch,recovery,confidence-floor
g088,layout drift,36,61,18,39,197,ship,negative,lane-boundary
g089,allocation pressure,36,47,39,43,131,watch,baseline,monotonic-signal
g090,dirty state,84,42,30,49,241,ship,edge,drag-penalty
g091,guard slack,111,77,6,57,421,ship,recovery,confidence-floor
g092,layout drift,40,27,38,22,80,hold,negative,lane-boundary
g093,allocation pressure,52,75,34,52,238,ship,baseline,monotonic-signal
g094,dirty state,37,31,34,29,97,hold,edge,drag-penalty
g095,guard slack,58,47,35,22,162,ship,recovery,confidence-floor
g096,layout drift,116,22,37,23,225,ship,negative,lane-boundary
